feature,mean_auc_decrease,std
tenure,0.1819241003384227,0.010690725476721114
Contract,0.03692345449378705,0.004546966667899027
InternetService,0.030094551654654043,0.00514492134710666
TotalCharges,0.021333023327908363,0.003005671574790067
MonthlyCharges,0.013592704538996237,0.0015261664646923948
PaperlessBilling,0.004782608695652257,0.002250227496518322
PaymentMethod,0.004664289958407819,0.001563094530102828
TechSupport,0.004132372316515642,0.00219316976909726
MultipleLines,0.0029427264977138325,0.0014467285196687156
OnlineSecurity,0.002846624815934384,0.0017975042082805743
StreamingTV,0.0017585057738511932,0.0012289234094524989
StreamingMovies,0.0014942261489577558,0.0010479364165536377
OnlineBackup,0.0007845720633445685,0.0011102018114460504
SeniorCitizen,0.0006396445271127371,0.0004797768670209647
PhoneService,0.0005512929809606381,0.0003106069839209299
DeviceProtection,0.0003120721279290306,0.0008001927358376335
Dependents,0.00024077088015717063,0.00023024932820535598
Partner,2.3250406882224794e-05,3.0016146215712117e-05
gender,-0.00014880260404550593,0.00021750820034665804
