customerID,gender,SeniorCitizen,Partner,Dependents,tenure,PhoneService,MultipleLines,InternetService,OnlineSecurity,OnlineBackup,DeviceProtection,TechSupport,StreamingTV,StreamingMovies,Contract,PaperlessBilling,PaymentMethod,MonthlyCharges,TotalCharges,Churn
SYN-0000,Female,0,No,Yes,14,No,No phone service,DSL,Yes,Yes,No,Yes,No,No,Month-to-month,Yes,Electronic check,41.21,576.94,Yes
SYN-0001,Female,1,Yes,Yes,0,No,No phone service,DSL,No,No,Yes,No,Yes,No,One year,No,Electronic check,46.4,,No
SYN-0002,Male,0,Yes,Yes,10,No,No phone service,No,No internet service,No internet service,No internet service,No internet service,No internet service,No internet service,Two year,Yes,Bank transfer (automatic),78.76,787.6,No
SYN-0003,Male,0,No,No,29,No,No phone service,DSL,Yes,Yes,Yes,Yes,No,No,One year,Yes,Bank transfer (automatic),63.07,1829.03,No
SYN-0004,Female,0,Yes,No,34,Yes,No,No,No internet service,No internet service,No internet service,No internet service,No internet service,No internet service,Two year,No,Electronic check,50.81,1727.54,No
SYN-0005,Male,1,Yes,No,72,No,No phone service,No,No internet service,No internet service,No internet service,No internet service,No internet service,No internet service,Month-to-month,Yes,Mailed check,82.27,5923.44,No
SYN-0006,Female,0,No,Yes,68,No,No phone service,Fiber optic,Yes,No,Yes,No,No,No,Two year,Yes,Electronic check,57.94,3939.92,No
SYN-0007,Male,1,Yes,No,67,Yes,No,Fiber optic,No,Yes,Yes,No,Yes,Yes,Two year,Yes,Credit card (automatic),88.47,5927.49,Yes
SYN-0008,Female,0,No,No,47,Yes,Yes,DSL,Yes,Yes,No,Yes,Yes,Yes,Two year,Yes,Mailed check,50.79,2387.13,No
SYN-0009,Male,0,Yes,No,60,Yes,No,No,No internet service,No internet service,No internet service,No internet service,No internet service,No internet service,One year,No,Credit card (automatic),70.13,4207.8,No
SYN-0010,Female,0,Yes,Yes,57,Yes,Yes,DSL,Yes,No,Yes,Yes,No,No,Month-to-month,Yes,Mailed check,26.08,1486.56,Yes
SYN-0011,Male,0,No,No,27,Yes,Yes,No,No internet service,No internet service,No internet service,No internet service,No internet service,No internet service,Two year,Yes,Electronic check,108.87,2939.49,No
SYN-0012,Female,0,Yes,No,45,No,No phone service,Fiber optic,Yes,No,Yes,No,Yes,No,One year,No,Electronic check,102.06,4592.7,No
SYN-0013,Female,0,Yes,Yes,59,Yes,Yes,DSL,Yes,No,Yes,Yes,No,Yes,One year,Yes,Credit card (automatic),96.76,5708.84,No
SYN-0014,Male,0,Yes,No,49,No,No phone service,Fiber optic,Yes,No,Yes,Yes,No,Yes,One year,Yes,Electronic check,60.19,2949.31,No
SYN-0015,Female,0,No,Yes,7,Yes,Yes,No,No internet service,No internet service,No internet service,No internet service,No internet service,No internet service,Month-to-month,Yes,Electronic check,26.51,185.57,Yes
SYN-0016,Male,0,No,No,72,No,No phone service,No,No internet service,No internet service,No internet service,No internet service,No internet service,No internet service,One year,Yes,Bank transfer (automatic),39.4,2836.8,No
SYN-0017,Female,0,Yes,No,9,No,No phone service,DSL,Yes,No,No,Yes,No,No,Two year,Yes,Bank transfer (automatic),114.85,1033.65,No
SYN-0018,Female,1,Yes,Yes,67,No,No phone service,DSL,Yes,No,Yes,No,No,No,Two year,Yes,Bank transfer (automatic),29.84,1999.28,No
SYN-0019,Male,0,No,Yes,6,No,No phone service,DSL,Yes,Yes,Yes,Yes,No,Yes,One year,No,Credit card (automatic),24.19,145.14,No
SYN-0020,Female,1,Yes,Yes,55,Yes,Yes,DSL,Yes,Yes,Yes,Yes,No,Yes,One year,No,Credit card (automatic),54.64,3005.2,No
SYN-0021,Female,1,Yes,Yes,22,No,No phone service,No,No internet service,No internet service,No internet service,No internet service,No internet service,No internet service,One year,No,Electronic check,96.21,2116.62,No
SYN-0022,Female,0,Yes,Yes,28,No,No phone service,DSL,Yes,No,No,No,No,Yes,One year,No,Bank transfer (automatic),48.99,1371.72,No
SYN-0023,Male,0,Yes,No,14,Yes,No,Fiber optic,Yes,No,Yes,No,Yes,No,Two year,No,Credit card (automatic),111.44,1560.16,No
SYN-0024,Male,1,Yes,No,0,Yes,No,No,No internet service,No internet service,No internet service,No internet service,No internet service,No internet service,One year,No,Bank transfer (automatic),60.97,,No
SYN-0025,Male,0,No,No,37,Yes,Yes,No,No internet service,No internet service,No internet service,No internet service,No internet service,No internet service,Month-to-month,No,Bank transfer (automatic),59.94,2217.78,Yes
SYN-0026,Male,0,Yes,No,41,No,No phone service,Fiber optic,Yes,No,Yes,Yes,Yes,Yes,One year,No,Electronic check,84.18,3451.38,No
SYN-0027,Female,1,No,Yes,5,No,No phone service,DSL,Yes,Yes,Yes,No,Yes,Yes,Two year,No,Credit card (automatic),100.73,503.65,No
SYN-0028,Female,1,Yes,No,66,Yes,No,Fiber optic,No,Yes,No,No,No,Yes,Two year,No,Credit card (automatic),43.67,2882.22,No
SYN-0029,Male,0,No,Yes,35,No,No phone service,No,No internet service,No internet service,No internet service,No internet service,No internet service,No internet service,Two year,No,Bank transfer (automatic),42.73,1495.55,No
SYN-0030,Female,0,Yes,No,69,Yes,No,DSL,Yes,No,No,Yes,No,No,Month-to-month,No,Credit card (automatic),41.97,2895.93,Yes
SYN-0031,Male,0,No,Yes,0,No,No phone service,Fiber optic,No,No,No,Yes,No,Yes,One year,No,Credit card (automatic),101.08,,No
SYN-0032,Female,0,No,Yes,68,No,No phone service,DSL,No,No,Yes,No,No,No,Two year,No,Mailed check,73.62,5006.16,Yes
SYN-0033,Male,0,Yes,No,48,No,No phone service,Fiber optic,Yes,Yes,Yes,Yes,Yes,Yes,One year,Yes,Electronic check,99.32,4767.36,No
SYN-0034,Female,1,No,No,30,No,No phone service,DSL,Yes,No,Yes,Yes,No,No,Two year,Yes,Electronic check,30.87,926.1,No
SYN-0035,Female,0,No,Yes,50,Yes,Yes,No,No internet service,No internet service,No internet service,No internet service,No internet service,No internet service,Month-to-month,No,Credit card (automatic),76.25,3812.5,No
SYN-0036,Male,0,No,No,8,No,No phone service,No,No internet service,No internet service,No internet service,No internet service,No internet service,No internet service,Month-to-month,No,Mailed check,100.71,805.68,Yes
SYN-0037,Male,1,No,No,66,No,No phone service,No,No internet service,No internet service,No internet service,No internet service,No internet service,No internet service,Two year,No,Mailed check,96.78,6387.48,No
SYN-0038,Male,1,Yes,No,11,No,No phone service,Fiber optic,No,No,No,No,No,Yes,Month-to-month,No,Mailed check,91.3,1004.3,Yes
SYN-0039,Male,0,No,No,66,Yes,No,DSL,No,Yes,No,No,No,No,Month-to-month,Yes,Electronic check,88.41,5835.06,Yes
SYN-0040,Male,1,No,Yes,54,No,No phone service,No,No internet service,No internet service,No internet service,No internet service,No internet service,No internet service,One year,Yes,Mailed check,86.77,4685.58,No
SYN-0041,Male,1,No,Yes,68,Yes,Yes,No,No internet service,No internet service,No internet service,No internet service,No internet service,No internet service,Month-to-month,No,Mailed check,40.56,2758.08,Yes
SYN-0042,Female,1,Yes,No,38,Yes,Yes,DSL,No,No,Yes,Yes,No,No,One year,Yes,Bank transfer (automatic),24.32,924.16,No
SYN-0043,Female,0,Yes,No,14,No,No phone service,DSL,No,Yes,No,No,No,No,One year,Yes,Mailed check,27.04,378.56,Yes
SYN-0044,Female,0,Yes,No,54,Yes,Yes,Fiber optic,Yes,Yes,Yes,No,No,No,Two year,Yes,Mailed check,111.21,6005.34,No
SYN-0045,Male,0,Yes,No,37,Yes,Yes,DSL,Yes,No,Yes,Yes,Yes,Yes,One year,No,Electronic check,87.16,3224.92,No
SYN-0046,Male,1,No,No,39,No,No phone service,No,No internet service,No internet service,No internet service,No internet service,No internet service,No internet service,One year,No,Electronic check,31.81,1240.59,No
SYN-0047,Female,0,Yes,No,55,No,No phone service,No,No internet service,No internet service,No internet service,No internet service,No internet service,No internet service,Two year,Yes,Mailed check,43.78,2407.9,No
SYN-0048,Male,0,No,No,56,Yes,No,Fiber optic,Yes,No,No,No,No,No,Two year,No,Bank transfer (automatic),61.41,3438.96,No
SYN-0049,Male,0,No,Yes,70,No,No phone service,DSL,No,No,No,Yes,Yes,No,Month-to-month,No,Credit card (automatic),49.88,3491.6,Yes
SYN-0050,Male,0,Yes,Yes,70,No,No phone service,DSL,No,Yes,Yes,Yes,No,Yes,One year,Yes,Bank transfer (automatic),103.68,7257.6,No
SYN-0051,Male,1,No,Yes,19,No,No phone service,Fiber optic,Yes,Yes,No,No,No,No,Two year,No,Mailed check,87.01,1653.19,No
SYN-0052,Male,0,No,No,0,No,No phone service,Fiber optic,No,No,No,Yes,Yes,No,Two year,No,Bank transfer (automatic),75.09,,No
SYN-0053,Male,1,Yes,No,29,Yes,Yes,Fiber optic,No,Yes,No,Yes,Yes,No,One year,Yes,Bank transfer (automatic),90.75,2631.75,No
SYN-0054,Male,0,No,No,19,No,No phone service,DSL,Yes,Yes,Yes,No,Yes,Yes,One year,No,Credit card (automatic),52.16,991.04,No
SYN-0055,Male,0,Yes,No,55,Yes,Yes,DSL,Yes,Yes,No,Yes,Yes,Yes,One year,No,Bank transfer (automatic),35.8,1969.0,No
SYN-0056,Male,0,Yes,No,10,No,No phone service,No,No internet service,No internet service,No internet service,No internet service,No internet service,No internet service,Two year,No,Credit card (automatic),84.9,849.0,No
SYN-0057,Female,1,No,No,1,No,No phone service,Fiber optic,No,Yes,No,No,Yes,Yes,Two year,No,Bank transfer (automatic),71.93,71.93,No
SYN-0058,Male,0,No,No,48,No,No phone service,No,No internet service,No internet service,No internet service,No internet service,No internet service,No internet service,Two year,Yes,Electronic check,48.11,2309.28,No
SYN-0059,Female,0,No,Yes,63,Yes,Yes,Fiber optic,Yes,No,Yes,Yes,No,No,Two year,Yes,Bank transfer (automatic),96.18,6059.34,No
SYN-0060,Male,1,Yes,No,53,Yes,No,DSL,No,Yes,Yes,Yes,No,No,Month-to-month,No,Bank transfer (automatic),94.72,5020.16,No
SYN-0061,Male,1,No,No,11,Yes,No,Fiber optic,No,Yes,Yes,No,No,No,One year,Yes,Mailed check,70.97,780.67,No
SYN-0062,Male,0,Yes,Yes,14,Yes,Yes,DSL,No,Yes,No,Yes,No,No,Month-to-month,No,Credit card (automatic),48.91,684.74,Yes
SYN-0063,Female,1,Yes,No,35,No,No phone service,DSL,Yes,Yes,No,Yes,Yes,Yes,Month-to-month,No,Electronic check,62.12,2174.2,Yes
SYN-0064,Female,0,Yes,Yes,6,Yes,Yes,Fiber optic,Yes,No,Yes,Yes,No,Yes,Month-to-month,No,Mailed check,94.76,568.56,No
SYN-0065,Female,1,Yes,Yes,14,Yes,No,No,No internet service,No internet service,No internet service,No internet service,No internet service,No internet service,Month-to-month,Yes,Mailed check,21.41,299.74,No
SYN-0066,Male,0,No,Yes,67,Yes,Yes,DSL,Yes,Yes,No,No,No,Yes,One year,No,Credit card (automatic),62.59,4193.53,No
SYN-0067,Male,0,Yes,Yes,62,No,No phone service,No,No internet service,No internet service,No internet service,No internet service,No internet service,No internet service,Month-to-month,No,Bank transfer (automatic),105.43,6536.66,Yes
SYN-0068,Female,0,Yes,No,67,No,No phone service,Fiber optic,No,No,No,Yes,No,No,Two year,No,Mailed check,77.52,5193.84,No
SYN-0069,Male,0,Yes,Yes,40,No,No phone service,No,No internet service,No internet service,No internet service,No internet service,No internet service,No internet service,One year,Yes,Credit card (automatic),110.59,4423.6,Yes
SYN-0070,Male,0,No,No,47,Yes,No,DSL,No,Yes,Yes,Yes,No,Yes,Two year,Yes,Bank transfer (automatic),110.88,5211.36,No
SYN-0071,Female,1,Yes,No,13,No,No phone service,Fiber optic,No,No,No,Yes,Yes,Yes,Month-to-month,Yes,Mailed check,92.45,1201.85,Yes
SYN-0072,Female,0,Yes,No,72,No,No phone service,No,No internet service,No internet service,No internet service,No internet service,No internet service,No internet service,Month-to-month,No,Credit card (automatic),33.48,2410.56,Yes
SYN-0073,Female,0,Yes,Yes,47,No,No phone service,Fiber optic,No,No,No,No,No,Yes,Two year,Yes,Bank transfer (automatic),76.64,3602.08,No
SYN-0074,Male,1,Yes,Yes,65,No,No phone service,DSL,No,Yes,Yes,No,No,No,One year,No,Electronic check,30.53,1984.45,Yes
SYN-0075,Female,1,Yes,No,15,No,No phone service,DSL,Yes,No,Yes,No,Yes,No,Two year,Yes,Credit card (automatic),60.91,913.65,No
SYN-0076,Male,0,No,Yes,54,No,No phone service,No,No internet service,No internet service,No internet service,No internet service,No internet service,No internet service,Two year,No,Mailed check,80.81,4363.74,No
SYN-0077,Female,0,No,No,58,No,No phone service,No,No internet service,No internet service,No internet service,No internet service,No internet service,No internet service,Month-to-month,Yes,Credit card (automatic),61.49,3566.42,No
SYN-0078,Female,0,No,No,43,No,No phone service,DSL,No,Yes,Yes,Yes,Yes,Yes,Month-to-month,Yes,Mailed check,27.26,1172.18,Yes
SYN-0079,Male,1,Yes,No,63,No,No phone service,Fiber optic,No,No,Yes,No,Yes,No,Two year,Yes,Credit card (automatic),107.79,6790.77,No
SYN-0080,Male,0,Yes,No,59,Yes,No,Fiber optic,Yes,No,No,Yes,Yes,No,Month-to-month,Yes,Credit card (automatic),55.03,3246.77,No
SYN-0081,Female,0,No,No,13,Yes,Yes,Fiber optic,No,No,No,Yes,No,Yes,Two year,No,Bank transfer (automatic),81.38,1057.94,No
SYN-0082,Female,1,Yes,Yes,42,No,No phone service,DSL,No,Yes,Yes,No,No,No,One year,No,Bank transfer (automatic),43.94,1845.48,No
SYN-0083,Male,0,No,No,16,Yes,Yes,No,No internet service,No internet service,No internet service,No internet service,No internet service,No internet service,Two year,Yes,Bank transfer (automatic),83.69,1339.04,No
SYN-0084,Male,0,Yes,No,62,Yes,Yes,DSL,Yes,No,Yes,No,No,Yes,Month-to-month,No,Mailed check,34.72,2152.64,Yes
SYN-0085,Female,0,No,No,56,No,No phone service,No,No internet service,No internet service,No internet service,No internet service,No internet service,No internet service,Two year,Yes,Bank transfer (automatic),94.46,5289.76,No
SYN-0086,Male,0,Yes,Yes,56,No,No phone service,Fiber optic,No,Yes,Yes,No,Yes,Yes,One year,No,Electronic check,67.78,3795.68,No
SYN-0087,Female,1,No,Yes,34,Yes,No,Fiber optic,Yes,No,Yes,No,Yes,Yes,One year,Yes,Credit card (automatic),28.71,976.14,No
SYN-0088,Male,1,Yes,No,40,No,No phone service,DSL,Yes,No,Yes,Yes,No,Yes,Month-to-month,No,Electronic check,33.07,1322.8,No
SYN-0089,Male,1,Yes,Yes,36,No,No phone service,DSL,Yes,Yes,No,No,Yes,No,Month-to-month,No,Electronic check,24.54,883.44,No
SYN-0090,Female,1,Yes,Yes,30,No,No phone service,No,No internet service,No internet service,No internet service,No internet service,No internet service,No internet service,Month-to-month,No,Credit card (automatic),83.12,2493.6,Yes
SYN-0091,Female,1,Yes,Yes,49,No,No phone service,Fiber optic,No,Yes,No,No,Yes,Yes,Two year,No,Mailed check,21.54,1055.46,Yes
SYN-0092,Female,0,Yes,No,8,No,No phone service,No,No internet service,No internet service,No internet service,No internet service,No internet service,No internet service,Month-to-month,No,Credit card (automatic),47.88,383.04,No
SYN-0093,Female,1,No,Yes,69,No,No phone service,Fiber optic,No,No,No,No,No,No,Month-to-month,No,Bank transfer (automatic),91.56,6317.64,Yes
SYN-0094,Male,0,No,Yes,23,No,No phone service,Fiber optic,No,Yes,Yes,No,No,No,One year,No,Mailed check,107.81,2479.63,No
SYN-0095,Male,1,Yes,No,57,No,No phone service,No,No internet service,No internet service,No internet service,No internet service,No internet service,No internet service,Month-to-month,No,Bank transfer (automatic),85.53,4875.21,No
SYN-0096,Female,0,Yes,No,7,No,No phone service,DSL,No,No,No,Yes,Yes,No,One year,Yes,Mailed check,68.74,481.18,Yes
SYN-0097,Male,1,No,No,47,No,No phone service,Fiber optic,Yes,No,No,Yes,No,No,Month-to-month,Yes,Electronic check,74.52,3502.44,Yes
SYN-0098,Male,0,Yes,Yes,57,No,No phone service,DSL,No,Yes,No,No,Yes,No,Two year,Yes,Credit card (automatic),107.07,6102.99,No
SYN-0099,Female,0,Yes,Yes,38,Yes,No,DSL,No,No,Yes,Yes,Yes,No,One year,Yes,Bank transfer (automatic),68.33,2596.54,No
SYN-0100,Male,0,Yes,No,50,No,No phone service,No,No internet service,No internet service,No internet service,No internet service,No internet service,No internet service,Two year,Yes,Credit card (automatic),59.03,2951.5,No
SYN-0101,Female,0,No,Yes,66,Yes,Yes,Fiber optic,No,Yes,No,No,Yes,No,Two year,Yes,Bank transfer (automatic),80.78,5331.48,No
SYN-0102,Female,0,Yes,Yes,25,No,No phone service,No,No internet service,No internet service,No internet service,No internet service,No internet service,No internet service,Month-to-month,No,Electronic check,79.38,1984.5,No
SYN-0103,Male,0,No,Yes,3,Yes,No,DSL,No,No,No,Yes,Yes,Yes,Two year,No,Bank transfer (automatic),93.25,279.75,No
SYN-0104,Female,1,No,No,56,No,No phone service,Fiber optic,Yes,No,Yes,No,Yes,No,One year,No,Mailed check,39.38,2205.28,No
SYN-0105,Male,1,Yes,Yes,57,Yes,No,DSL,No,No,No,No,No,Yes,Month-to-month,No,Mailed check,24.81,1414.17,No
SYN-0106,Male,0,Yes,No,11,No,No phone service,Fiber optic,Yes,Yes,No,Yes,No,No,Month-to-month,No,Credit card (automatic),40.44,444.84,Yes
SYN-0107,Female,1,No,Yes,51,Yes,No,Fiber optic,Yes,Yes,Yes,No,No,No,One year,No,Bank transfer (automatic),24.86,1267.86,No
SYN-0108,Male,0,Yes,Yes,71,Yes,Yes,Fiber optic,Yes,Yes,No,No,Yes,No,Month-to-month,No,Credit card (automatic),77.23,5483.33,Yes
SYN-0109,Male,1,No,Yes,38,No,No phone service,No,No internet service,No internet service,No internet service,No internet service,No internet service,No internet service,Two year,No,Bank transfer (automatic),98.69,3750.22,No
SYN-0110,Female,1,No,Yes,53,No,No phone service,No,No internet service,No internet service,No internet service,No internet service,No internet service,No internet service,Two year,Yes,Credit card (automatic),102.85,5451.05,No
SYN-0111,Female,0,Yes,No,48,Yes,No,DSL,Yes,No,No,Yes,Yes,Yes,Month-to-month,No,Mailed check,74.39,3570.72,Yes
SYN-0112,Female,1,No,No,71,No,No phone service,Fiber optic,Yes,No,No,Yes,No,No,Two year,No,Credit card (automatic),55.8,3961.8,No
SYN-0113,Male,1,Yes,No,26,No,No phone service,No,No internet service,No internet service,No internet service,No internet service,No internet service,No internet service,One year,No,Bank transfer (automatic),65.58,1705.08,No
SYN-0114,Female,1,No,No,18,Yes,No,Fiber optic,No,No,Yes,Yes,Yes,Yes,One year,Yes,Mailed check,110.75,1993.5,No
SYN-0115,Female,1,No,No,6,Yes,Yes,No,No internet service,No internet service,No internet service,No internet service,No internet service,No internet service,Two year,Yes,Electronic check,42.12,252.72,No
SYN-0116,Male,1,No,Yes,20,No,No phone service,Fiber optic,Yes,Yes,No,Yes,Yes,No,One year,Yes,Mailed check,81.8,1636.0,No
SYN-0117,Female,1,No,No,63,No,No phone service,DSL,No,No,Yes,Yes,No,Yes,Month-to-month,No,Mailed check,20.88,1315.44,No
SYN-0118,Male,1,Yes,Yes,58,No,No phone service,No,No internet service,No internet service,No internet service,No internet service,No internet service,No internet service,Two year,No,Credit card (automatic),37.69,2186.02,No
SYN-0119,Male,1,Yes,Yes,11,Yes,No,Fiber optic,No,No,No,Yes,No,No,Month-to-month,No,Mailed check,113.26,1245.86,Yes
SYN-0120,Male,1,Yes,No,30,Yes,No,DSL,No,Yes,No,No,No,No,One year,Yes,Mailed check,49.15,1474.5,No
SYN-0121,Female,1,No,Yes,68,Yes,Yes,No,No internet service,No internet service,No internet service,No internet service,No internet service,No internet service,Month-to-month,Yes,Mailed check,84.63,5754.84,No
SYN-0122,Female,1,Yes,No,19,No,No phone service,DSL,No,No,Yes,No,No,Yes,Two year,Yes,Credit card (automatic),61.97,1177.43,No
SYN-0123,Female,0,No,No,50,Yes,Yes,Fiber optic,No,Yes,No,No,Yes,Yes,Two year,Yes,Electronic check,40.7,2035.0,No
SYN-0124,Male,1,Yes,Yes,53,No,No phone service,Fiber optic,No,Yes,Yes,Yes,Yes,No,One year,No,Electronic check,102.61,5438.33,No
SYN-0125,Female,0,No,No,59,No,No phone service,No,No internet service,No internet service,No internet service,No internet service,No internet service,No internet service,Two year,Yes,Bank transfer (automatic),56.03,3305.77,No
SYN-0126,Female,0,Yes,Yes,14,No,No phone service,DSL,Yes,Yes,Yes,No,No,Yes,Two year,Yes,Electronic check,92.78,1298.92,No
SYN-0127,Male,0,No,No,69,Yes,Yes,DSL,Yes,No,No,No,Yes,Yes,Month-to-month,No,Mailed check,67.87,4683.03,No
SYN-0128,Male,1,No,No,54,No,No phone service,No,No internet service,No internet service,No internet service,No internet service,No internet service,No internet service,Month-to-month,Yes,Bank transfer (automatic),112.37,6067.98,Yes
SYN-0129,Female,1,Yes,No,68,Yes,No,Fiber optic,Yes,No,Yes,No,No,Yes,Month-to-month,Yes,Credit card (automatic),48.57,3302.76,Yes
SYN-0130,Female,0,Yes,Yes,68,Yes,No,No,No internet service,No internet service,No internet service,No internet service,No internet service,No internet service,Month-to-month,Yes,Bank transfer (automatic),45.5,3094.0,Yes
SYN-0131,Male,0,Yes,No,1,Yes,Yes,DSL,No,No,No,No,No,No,Two year,No,Bank transfer (automatic),31.15,31.15,No
SYN-0132,Male,1,No,Yes,12,No,No phone service,No,No internet service,No internet service,No internet service,No internet service,No internet service,No internet service,One year,Yes,Mailed check,106.86,1282.32,Yes
SYN-0133,Male,0,No,Yes,70,No,No phone service,No,No internet service,No internet service,No internet service,No internet service,No internet service,No internet service,One year,No,Bank transfer (automatic),34.48,2413.6,No
SYN-0134,Male,0,Yes,No,62,No,No phone service,No,No internet service,No internet service,No internet service,No internet service,No internet service,No internet service,One year,Yes,Electronic check,35.98,2230.76,No
SYN-0135,Female,0,Yes,Yes,9,Yes,Yes,No,No internet service,No internet service,No internet service,No internet service,No internet service,No internet service,Month-to-month,No,Bank transfer (automatic),59.18,532.62,Yes
SYN-0136,Male,0,Yes,No,61,No,No phone service,No,No internet service,No internet service,No internet service,No internet service,No internet service,No internet service,Month-to-month,No,Electronic check,20.63,1258.43,Yes
SYN-0137,Female,0,No,No,55,Yes,No,DSL,No,No,Yes,Yes,No,Yes,Month-to-month,No,Electronic check,69.82,3840.1,Yes
SYN-0138,Male,0,Yes,Yes,4,No,No phone service,DSL,No,Yes,Yes,Yes,Yes,No,One year,Yes,Credit card (automatic),55.83,223.32,No
SYN-0139,Female,0,No,Yes,34,Yes,Yes,DSL,No,Yes,Yes,No,No,No,Two year,Yes,Credit card (automatic),107.93,3669.62,No
SYN-0140,Male,0,Yes,No,17,Yes,Yes,No,No internet service,No internet service,No internet service,No internet service,No internet service,No internet service,Two year,Yes,Bank transfer (automatic),90.82,1543.94,No
SYN-0141,Male,1,Yes,No,50,Yes,No,Fiber optic,No,Yes,No,Yes,Yes,Yes,Two year,No,Mailed check,45.97,2298.5,No
SYN-0142,Female,1,No,No,34,No,No phone service,DSL,No,No,No,No,Yes,Yes,Two year,Yes,Electronic check,94.47,3211.98,Yes
SYN-0143,Male,0,Yes,Yes,11,No,No phone service,DSL,No,No,Yes,No,No,No,One year,No,Electronic check,72.91,802.01,No
SYN-0144,Male,0,Yes,No,10,Yes,No,No,No internet service,No internet service,No internet service,No internet service,No internet service,No internet service,Two year,No,Credit card (automatic),69.5,695.0,No
SYN-0145,Female,1,No,Yes,21,No,No phone service,Fiber optic,Yes,No,Yes,No,No,No,One year,No,Mailed check,48.48,1018.08,No
SYN-0146,Female,1,No,Yes,42,No,No phone service,Fiber optic,No,No,No,No,Yes,No,One year,No,Bank transfer (automatic),97.47,4093.74,No
SYN-0147,Female,0,Yes,No,48,No,No phone service,Fiber optic,Yes,No,No,Yes,No,Yes,One year,Yes,Credit card (automatic),30.82,1479.36,No
SYN-0148,Male,0,No,No,32,Yes,No,No,No internet service,No internet service,No internet service,No internet service,No internet service,No internet service,Two year,No,Electronic check,60.2,1926.4,No
SYN-0149,Male,0,Yes,No,46,Yes,No,No,No internet service,No internet service,No internet service,No internet service,No internet service,No internet service,Month-to-month,No,Electronic check,93.05,4280.3,Yes
SYN-0150,Male,0,No,Yes,33,Yes,No,DSL,Yes,Yes,Yes,No,No,No,One year,Yes,Bank transfer (automatic),55.54,1832.82,No
SYN-0151,Male,1,No,Yes,58,No,No phone service,DSL,Yes,Yes,No,Yes,Yes,Yes,One year,No,Electronic check,65.24,3783.92,No
SYN-0152,Male,0,No,Yes,66,Yes,Yes,DSL,Yes,No,No,No,Yes,Yes,One year,No,Credit card (automatic),73.19,4830.54,Yes
SYN-0153,Female,1,No,Yes,26,Yes,No,Fiber optic,No,No,No,No,Yes,No,Two year,Yes,Bank transfer (automatic),29.67,771.42,No
SYN-0154,Male,0,Yes,No,45,Yes,Yes,Fiber optic,No,Yes,No,No,Yes,No,Two year,Yes,Bank transfer (automatic),87.07,3918.15,Yes
SYN-0155,Female,0,No,No,54,No,No phone service,DSL,No,Yes,No,Yes,No,Yes,Two year,Yes,Mailed check,71.05,3836.7,No
SYN-0156,Male,1,No,Yes,24,No,No phone service,Fiber optic,Yes,No,Yes,No,Yes,No,One year,Yes,Electronic check,85.05,2041.2,No
SYN-0157,Female,1,No,Yes,21,No,No phone service,Fiber optic,Yes,Yes,No,Yes,No,No,Two year,No,Mailed check,68.53,1439.13,No
SYN-0158,Female,0,No,No,44,No,No phone service,DSL,Yes,Yes,No,No,Yes,No,Month-to-month,Yes,Mailed check,93.69,4122.36,No
SYN-0159,Female,0,No,Yes,37,No,No phone service,Fiber optic,Yes,Yes,Yes,No,Yes,No,Two year,No,Mailed check,113.62,4203.94,No
SYN-0160,Male,0,Yes,No,62,No,No phone service,DSL,No,No,Yes,Yes,No,No,Two year,No,Bank transfer (automatic),59.35,3679.7,No
SYN-0161,Female,1,No,No,8,No,No phone service,No,No internet service,No internet service,No internet service,No internet service,No internet service,No internet service,Month-to-month,No,Bank transfer (automatic),111.97,895.76,Yes
SYN-0162,Female,0,Yes,No,16,No,No phone service,No,No internet service,No internet service,No internet service,No internet service,No internet service,No internet service,One year,Yes,Electronic check,104.94,1679.04,No
SYN-0163,Male,0,Yes,No,20,No,No phone service,Fiber optic,No,No,Yes,No,Yes,Yes,Month-to-month,Yes,Bank transfer (automatic),114.22,2284.4,Yes
SYN-0164,Female,1,Yes,Yes,50,No,No phone service,No,No internet service,No internet service,No internet service,No internet service,No internet service,No internet service,Two year,Yes,Mailed check,86.45,4322.5,No
SYN-0165,Female,0,No,Yes,16,Yes,No,No,No internet service,No internet service,No internet service,No internet service,No internet service,No internet service,Two year,Yes,Credit card (automatic),84.6,1353.6,Yes
SYN-0166,Male,0,No,Yes,49,Yes,Yes,DSL,Yes,No,No,Yes,Yes,No,Month-to-month,Yes,Electronic check,49.77,2438.73,No
SYN-0167,Female,1,No,No,56,Yes,No,DSL,Yes,Yes,No,Yes,No,Yes,Month-to-month,Yes,Mailed check,33.3,1864.8,Yes
SYN-0168,Female,0,No,No,66,Yes,Yes,No,No internet service,No internet service,No internet service,No internet service,No internet service,No internet service,Two year,Yes,Credit card (automatic),57.22,3776.52,No
SYN-0169,Female,1,No,No,9,Yes,Yes,No,No internet service,No internet service,No internet service,No internet service,No internet service,No internet service,One year,No,Electronic check,108.72,978.48,Yes
SYN-0170,Female,1,No,No,8,No,No phone service,DSL,Yes,No,Yes,No,Yes,Yes,Month-to-month,No,Credit card (automatic),23.78,190.24,Yes
SYN-0171,Female,1,No,Yes,19,No,No phone service,No,No internet service,No internet service,No internet service,No internet service,No internet service,No internet service,One year,Yes,Mailed check,75.71,1438.49,Yes
SYN-0172,Male,0,Yes,Yes,55,No,No phone service,DSL,No,No,Yes,No,Yes,No,Two year,Yes,Electronic check,77.84,4281.2,No
SYN-0173,Female,1,Yes,No,15,No,No phone service,DSL,Yes,No,Yes,No,Yes,Yes,One year,No,Bank transfer (automatic),45.84,687.6,Yes
SYN-0174,Female,0,Yes,No,29,Yes,No,No,No internet service,No internet service,No internet service,No internet service,No internet service,No internet service,Month-to-month,No,Mailed check,101.58,2945.82,Yes
SYN-0175,Male,1,No,Yes,4,No,No phone service,No,No internet service,No internet service,No internet service,No internet service,No internet service,No internet service,Month-to-month,No,Electronic check,50.57,202.28,Yes
SYN-0176,Male,0,No,No,6,Yes,No,DSL,Yes,No,Yes,No,No,Yes,Two year,No,Electronic check,113.23,679.38,No
SYN-0177,Female,0,Yes,No,59,No,No phone service,Fiber optic,Yes,No,Yes,No,No,Yes,Month-to-month,Yes,Mailed check,89.58,5285.22,Yes
SYN-0178,Female,0,No,Yes,26,Yes,Yes,No,No internet service,No internet service,No internet service,No internet service,No internet service,No internet service,One year,Yes,Credit card (automatic),66.74,1735.24,No
SYN-0179,Female,1,Yes,Yes,47,Yes,No,Fiber optic,No,No,No,No,No,No,Two year,Yes,Mailed check,29.08,1366.76,No
